{
  "Left Infraclinoid Internal Carotid Artery": 27.871794871794872,
  "Right Infraclinoid Internal Carotid Artery": 22.183673469387756,
  "Left Supraclinoid Internal Carotid Artery": 6.587878787878788,
  "Right Supraclinoid Internal Carotid Artery": 7.820143884892087,
  "Left Middle Cerebral Artery": 9.926940639269406,
  "Right Middle Cerebral Artery": 7.394557823129252,
  "Anterior Communicating Artery": 5.988980716253444,
  "Left Anterior Cerebral Artery": 47.26086956521739,
  "Right Anterior Cerebral Artery": 38.82142857142857,
  "Left Posterior Communicating Artery": 25.27906976744186,
  "Right Posterior Communicating Artery": 21.524752475247524,
  "Basilar Tip": 19.763636363636362,
  "Other Posterior Circulation": 19.238938053097346,
  "Aneurysm Present": 1.166935050993022
}